{
  "scripts": {
    "start": "node backend/index.js",
    "server": "nodemon backend/index.js",
    "client": "cd frontend && yarn dev",
    "dev": "concurrently \"npm run server\" \"npm run client\"",
    "data:import": "node backend/seeder.js",
    "data:destroy": "node backend/seeder.js -d"
  },
  "name": "mvcExpress",
  "version": "1.0.0",
  "main": "index.js",
  "license": "MIT",
  "dependencies": {
    "@paypal/react-paypal-js": "^8.1.0",
    "bcryptjs": "^2.4.3",
    "cookie-parser": "^1.4.6",
    "cors": "^2.8.5",
    "dotenv": "^16.3.1",
    "ejs": "^3.1.9",
    "express": "^4.18.2",
    "express-async-handler": "^1.2.0",
    "js-cookie": "^3.0.5",
    "jsonwebtoken": "^9.0.0",
    "mongoose": "^7.3.2",
    "multer": "^1.4.5-lts.1",
    "node-localstorage": "^2.2.1",
    "nodemon": "^2.0.22"
  },
  "devDependencies": {
    "concurrently": "^8.2.0"
  }
}
